メーカーコード,メーカー名
1000,有限会社佐々木食品
1001,株式会社伊藤印刷
1002,木村農林有限会社
1003,岡田水産株式会社
1004,森運輸有限会社
1005,株式会社中島銀行
1006,森ガス合同会社
1007,佐々木通信合同会社
1008,株式会社高橋鉱業
1009,山田ガス株式会社
1010,木村鉱業有限会社
1011,三浦情報有限会社
1012,田中銀行株式会社
1013,山本電気株式会社
1014,山本食品有限会社
1015,松本銀行株式会社
1016,藤原建設有限会社
1017,吉田食品合同会社
1018,小林食品合同会社
1019,藤原鉱業有限会社
1020,中島水産有限会社
1021,石川通信株式会社
1022,合同会社中村運輸
1023,株式会社高橋保険
1024,斎藤建設有限会社
1025,合同会社森水産
1026,合同会社石井農林
1027,中村印刷有限会社
1028,株式会社阿部鉱業
1029,井上印刷有限会社
1030,松本水産有限会社
1031,株式会社池田通信
1032,有限会社山下建設
1033,合同会社林情報
1034,有限会社松本印刷
1035,佐々木農林有限会社
1036,三浦建設株式会社
1037,後藤印刷株式会社
1038,鈴木銀行株式会社
1039,有限会社山田情報
1040,斎藤保険合同会社
1041,鈴木印刷有限会社
1042,田中食品株式会社
1043,株式会社小林食品
1044,有限会社前田電気
1045,合同会社井上運輸
1046,有限会社中村鉱業
1047,株式会社後藤水産
1048,有限会社斎藤建設
1049,伊藤印刷有限会社
1050,小林情報合同会社
1051,株式会社清水食品
1052,株式会社吉田電気
1053,佐藤農林株式会社
1054,株式会社加藤農林
1055,合同会社山本鉱業
1056,合同会社森建設
1057,合同会社阿部保険
1058,伊藤ガス合同会社
1059,有限会社井上農林
1060,株式会社佐藤通信
1061,中村通信株式会社
1062,有限会社小林情報
1063,阿部通信有限会社
1064,合同会社田中電気
1065,斉藤ガス有限会社
1066,木村食品合同会社
1067,山田建設株式会社
1068,合同会社山本銀行
1069,藤田ガス株式会社
1070,橋本通信有限会社
1071,近藤保険有限会社
1072,株式会社松本運輸
1073,斎藤情報有限会社
1074,伊藤鉱業有限会社
1075,株式会社佐藤鉱業
1076,合同会社伊藤通信
1077,有限会社西村ガス
1078,近藤鉱業有限会社
1079,石井ガス有限会社
1080,鈴木電気合同会社
1081,長谷川電気合同会社
1082,合同会社山下通信
1083,中村情報有限会社
1084,鈴木鉱業合同会社
1085,中村建設株式会社
1086,後藤農林合同会社
1087,株式会社太田運輸
1088,小川農林株式会社
1089,渡辺通信有限会社
1090,株式会社高橋印刷
1091,山田水産株式会社
1092,合同会社小林運輸
1093,合同会社山本農林
1094,合同会社清水通信
1095,合同会社佐藤保険
1096,松本食品株式会社
1097,株式会社加藤印刷
1098,合同会社佐藤農林
1099,株式会社山下ガス
