お客様コード,お客様名
1000,山崎情報有限会社
1001,松本食品有限会社
1002,中島運輸合同会社
1003,株式会社渡辺水産
1004,伊藤鉱業合同会社
1005,鈴木食品合同会社
1006,藤井印刷有限会社
1007,合同会社松本電気
1008,合同会社清水電気
1009,合同会社石井保険
1010,藤原建設株式会社
1011,有限会社小林建設
1012,高橋保険合同会社
1013,有限会社中村水産
1014,三浦銀行合同会社
1015,阿部保険株式会社
1016,有限会社池田鉱業
1017,坂本保険有限会社
1018,有限会社小林情報
1019,藤原銀行有限会社
1020,村上銀行合同会社
1021,合同会社斎藤建設
1022,吉田印刷株式会社
1023,有限会社伊藤建設
1024,松田ガス有限会社
1025,合同会社福田保険
1026,清水鉱業有限会社
1027,株式会社伊藤銀行
1028,佐藤食品株式会社
1029,株式会社中村建設
1030,石川鉱業合同会社
1031,株式会社田中運輸
1032,池田建設有限会社
1033,株式会社佐々木銀行
1034,合同会社石川情報
1035,佐々木ガス有限会社
1036,合同会社長谷川電気
1037,合同会社加藤鉱業
1038,合同会社松田運輸
1039,清水水産合同会社
1040,岡本電気有限会社
1041,株式会社鈴木建設
1042,吉田運輸合同会社
1043,遠藤鉱業株式会社
1044,山本食品有限会社
1045,合同会社鈴木農林
1046,株式会社伊藤鉱業
1047,佐々木ガス有限会社
1048,後藤電気株式会社
1049,池田食品株式会社
1050,有限会社青木水産
1051,合同会社田中電気
1052,有限会社鈴木運輸
1053,合同会社松本鉱業
1054,有限会社加藤情報
1055,山本農林有限会社
1056,橋本食品合同会社
1057,藤原情報株式会社
1058,合同会社福田印刷
1059,有限会社鈴木水産
1060,中村建設有限会社
1061,井上建設合同会社
1062,石川建設有限会社
1063,佐藤通信合同会社
1064,合同会社高橋ガス
1065,伊藤保険合同会社
1066,株式会社長谷川電気
1067,鈴木水産有限会社
1068,株式会社小林ガス
1069,合同会社中村通信
1070,鈴木情報合同会社
1071,合同会社松本通信
1072,山本鉱業株式会社
1073,山本水産合同会社
1074,有限会社佐々木保険
1075,有限会社山本保険
1076,鈴木鉱業合同会社
1077,後藤建設株式会社
1078,山本銀行合同会社
1079,伊藤銀行有限会社
1080,田中印刷合同会社
1081,株式会社青木電気
1082,中島食品合同会社
1083,松田通信株式会社
1084,鈴木印刷有限会社
1085,高橋ガス有限会社
1086,有限会社鈴木農林
1087,伊藤保険合同会社
1088,山本印刷合同会社
1089,山本食品株式会社
1090,株式会社加藤食品
1091,阿部保険合同会社
1092,有限会社遠藤建設
1093,株式会社小林保険
1094,橋本銀行株式会社
1095,三浦鉱業株式会社
1096,株式会社木村情報
1097,株式会社伊藤水産
1098,株式会社石井水産
1099,吉田鉱業株式会社
